location_id,location_name,protest_count,topic_protest,internal_point_latitude,internal_point_longitude,perc_topic,pop,topic_per_10k
14260,"Boise City, ID",67,6,43.61892537313433,-116.26655223880597,0.08955223880597014,710080,0.08449752140603875
19380,"Dayton, OH",75,8,39.767466666666664,-84.1462,0.10666666666666667,803713,0.09953801916853404
23060,"Fort Wayne, IN",37,6,41.07735135135135,-85.13191891891891,0.16216216216216217,434001,0.13824852938126872
25420,"Harrisburg-Carlisle, PA",99,7,40.25328282828283,-76.91733333333333,0.0707070707070707,571101,0.12257026340349605
31140,"Louisville/Jefferson County, KY-IN",120,9,38.25403333333333,-85.73740833333333,0.075,1292809,0.06961585199360462
41620,"Salt Lake City, UT",147,12,40.74924489795919,-111.89808843537415,0.08163265306122448,1205238,0.09956539704191206
42540,"Scranton--Wilkes-Barre--Hazleton, PA",51,6,41.30421568627451,-75.80511764705882,0.11764705882352941,555645,0.10798261479901736
