place_1_id,place_2_id,count,place_1_name,place_1_long,place_1_lat,place_2_name,place_2_long,place_2_lat
10580,37980,5,"Albany-Schenectady-Troy, NY",-73.80160689655172,42.72449655172414,"Philadelphia-Camden-Wilmington, PA-NJ-DE-MD",-75.28212009803921,39.95353921568628
17140,33460,6,"Cincinnati, OH-KY-IN",-84.51114666666666,39.17776,"Minneapolis-St. Paul-Bloomington, MN-WI",-93.20209122807017,44.96612280701754
27260,33460,5,"Jacksonville, FL",-81.59108547008547,30.25409401709402,"Minneapolis-St. Paul-Bloomington, MN-WI",-93.20209122807017,44.96612280701754
33460,37980,14,"Minneapolis-St. Paul-Bloomington, MN-WI",-93.20209122807017,44.96612280701754,"Philadelphia-Camden-Wilmington, PA-NJ-DE-MD",-75.28212009803921,39.95353921568628
37980,33460,14,"Philadelphia-Camden-Wilmington, PA-NJ-DE-MD",-75.28212009803921,39.95353921568628,"Minneapolis-St. Paul-Bloomington, MN-WI",-93.20209122807017,44.96612280701754
38060,41860,7,"Phoenix-Mesa-Scottsdale, AZ",-112.02755102040817,33.43311734693878,"San Francisco-Oakland-Hayward, CA",-122.32105858585858,37.79507070707071
38300,37980,7,"Pittsburgh, PA",-79.93314364640884,40.41624309392265,"Philadelphia-Camden-Wilmington, PA-NJ-DE-MD",-75.28212009803921,39.95353921568628
40900,33460,6,"Sacramento--Roseville--Arden-Arcade, CA",-121.44635294117647,38.60834705882353,"Minneapolis-St. Paul-Bloomington, MN-WI",-93.20209122807017,44.96612280701754
41180,37980,10,"St. Louis, MO-IL",-90.22667525773196,38.64118556701031,"Philadelphia-Camden-Wilmington, PA-NJ-DE-MD",-75.28212009803921,39.95353921568628
41860,37980,8,"San Francisco-Oakland-Hayward, CA",-122.32105858585858,37.79507070707071,"Philadelphia-Camden-Wilmington, PA-NJ-DE-MD",-75.28212009803921,39.95353921568628
