location_id,location_name,protest_count,topic_protest,internal_point_latitude,internal_point_longitude,perc_topic,pop,topic_per_10k
11260,"Anchorage, AK",64,10,61.2748125,-149.810375,0.15625,400647,0.24959627802030218
15380,"Buffalo-Cheektowaga-Niagara Falls, NY",98,11,42.909806122448984,-78.84855102040817,0.11224489795918367,1129660,0.09737443124479932
21660,"Eugene, OR",89,10,44.03806741573034,-123.15021348314608,0.11235955056179775,375617,0.2662286318244382
24340,"Grand Rapids-Wyoming, MI",68,10,42.93430882352941,-85.75851470588236,0.14705882352941177,1060326,0.09431061767795942
36540,"Omaha-Council Bluffs, NE-IA",71,14,41.24216901408451,-95.97761971830987,0.19718309859154928,932217,0.15017962555928502
38860,"Portland-South Portland, ME",135,17,43.63619259259259,-70.28717777777777,0.1259259259259259,532280,0.3193807770346434
39580,"Raleigh, NC",95,13,35.7816,-78.65281052631579,0.1368421052631579,1334342,0.09742629700631472
41620,"Salt Lake City, UT",147,16,40.74924489795919,-111.89808843537415,0.10884353741496598,1205238,0.1327538627225494
47900,"Washington-Arlington-Alexandria, DC-VA-MD-WV",480,91,38.91626041666667,-77.09836875,0.18958333333333333,6200001,0.1467741698751339
