location_id,location_name,protest_count,topic_protest,internal_point_latitude,internal_point_longitude,perc_topic,pop,topic_per_10k
11260,"Anchorage, AK",64,5,61.2748125,-149.810375,0.078125,400647,0.12479813901015109
12620,"Bangor, ME",26,3,44.81384615384616,-68.76296153846154,0.11538461538461539,151190,0.198425821813612
15540,"Burlington-South Burlington, VT",73,5,44.48183561643835,-73.196,0.0684931506849315,218881,0.2284346288622585
38860,"Portland-South Portland, ME",135,7,43.63619259259259,-70.28717777777777,0.05185185185185185,532280,0.1315097317201473
41620,"Salt Lake City, UT",147,7,40.74924489795919,-111.89808843537415,0.047619047619047616,1205238,0.05807981494111537
47900,"Washington-Arlington-Alexandria, DC-VA-MD-WV",480,34,38.91626041666667,-77.09836875,0.07083333333333333,6200001,0.05483870083246761
49020,"Winchester, VA-WV",16,3,39.163125,-78.16475,0.1875,138107,0.21722287791350187
